Tanggal,Unit,Kelas,Nama Siswa,Status Awal,Refleksi,Analisis AI
2026-04-30 17:03,SMA,10A,H,Konsolasi,Aku sangat senang,"Baik, H. Sebagai pendelor pastoral, ini analisis saya:

**1. Kata Kunci Masalah/Kebahagiaan:**
Kebahagiaan

**2. Kalimat Saran Pendampingan:**
""Sungguh sukacita mendengar kebahagiaan Anda, H. Mari kita refleksikan dan syukuri apa yang menjadi sumbernya agar dapat terus dipupuk dan dibagikan."""
2026-04-30 17:09,SMA,10A,K,Desolasi,Merasa sedih karena putus dari pacarnya,
2026-04-30 17:09,SMA,10A,I,Desolasi,Merasa sedih karena tidak bisa mendapat nilai yang bagus di pelajaran Fisika.,
2026-04-30 17:10,SMA,10A,M,Konsolasi,Merasa senang karena menang lomba catur.,
2026-05-01,SMP,9B,O,Konsolasi,Aku senang sekali karena dapat lemper,
2026-05-01,SMP,9B,P,Konsolasi,Aku senang karena bisa makan enak,
2026-05-01,SMP,9B,Q,Desolasi,"Aku sedih karena losestreak ML
",
